STM ID,PAPER TITLE,PAPER AUTHORS (BIBTEX STYLE),PAPER YEAR,PUBLICATION YEAR,PAPER VENUE,PAPER LINK(S),CITATIONS/STARS,TOOL NAME,TM MODALITY,CORE METHOD(S),DATA MAPPING,TARGETED CONTRACTS,THREAT MODELING PROFILE,TARGETED VULNERABILITIES,SWC MATCH (WHEN APPLIES)
STM-001,Making Smart Contracts Smarter,"Luu, Loi and Chu, Duc-Hiep and Olickel, Hrishi and Saxena, Prateek and Hobor, Aquinas",2016,2016,CCS,https://dl.acm.org/doi/pdf/10.1145/2976749.2978309,1461,Oyente,Subtractive,symbolic execution,bytecode => report,Any Ethereum,both,,
STM-002,Smashing Ethereum Smart Contracts for Fun and Real Profit,"Mueller, Bernhard",2018,2018,HITBSecConf,https://conference.hitb.org/hitbsecconf2018ams/materials/WHITEPAPERS/WHITEPAPER%20-%20Bernhard%20Mueller%20-%20Smashing%20Ethereum%20Smart%20Contracts%20for%20Fun%20and%20ACTUAL%20Profit.pdf,77,Mythril,Subtractive,symbolic execution,bytecode => report,Any Ethereum,both,,
STM-003,Securify: Practical Security Analysis of Smart Contracts,"Tsankov, Petar and Dan, Andrei and Drachsler-Cohen, Dana and Gervais, Arthur and Buenzli, Florian and Vechev, Martin",2018,2018,CCS,https://dl.acm.org/doi/pdf/10.1145/3243734.3243780,438,Securify,Subtractive + Additive,static analysis,bytecode => report,Any Ethereum,both,,
STM-004,"Finding The Greedy, Prodigal, and Suicidal Contracts at Scale","Nikoli{\'c}, Ivica and Kolluri, Aashish and Sergey, Ilya and Saxena, Prateek and Hobor, Aquinas",2018,2018,ACSAC,https://dl.acm.org/doi/pdf/10.1145/3274694.3274743,359,Maian,Subtractive,symbolic execution,bytecode => report,Any Ethereum,both,,
STM-005,Manticore: A User-Friendly Symbolic Execution Framework for Binaries and Smart Contracts,"Mossberg, Mark and Manzano, Felipe and Hennenfent, Eric and Groce, Alex and Grieco, Gustavo and Feist, Josselin and Brunson, Trent and Dinaburg, Artem",2019,2019,ASE,https://arxiv.org/pdf/1907.03890.pdf,92,Manticore,Subtractive,symbolic execution,bytecode => report,Any Ethereum,both,,
STM-006,KEVM: A Complete Formal Semantics of the Ethereum Virtual Machine,"Hildenbrandt, Everett and Saxena, Manasvi and Rodrigues, Nishant and Zhu, Xiaoran and Daian, Philip and Guth, Dwight and Moore, Brandon and Park, Daejun and Zhang, Yi and Stefanescu, Andrei and others",2018,2018,CSF,https://ieeexplore.ieee.org/stamp/stamp.jsp?arnumber=8429306],332,KEVM,Exploratory,formal,bytecode => report,Any Ethereum,both,,
STM-007,ZEUS: Analyzing Safety of Smart Contracts,"Kalra, Sukrit and Goel, Seep and Dhawan, Mohan and Sharma, Subodh",2018,2018,NDSS,http://pages.cpsc.ucalgary.ca/~joel.reardon/blockchain/readings/ndss2018_09-1_Kalra_paper.pdf,399,ZEUS,Additive,symbolic execution,bytecode => report,Any Ethereum,both,,
STM-008,Sereum: Protecting Existing Smart Contracts Against Re-Entrancy Attacks,"Rodler, Michael and Li, Wenting and Karame, Ghassan O and Davi, Lucas",2018,2019,NDSS,https://www.ndss-symposium.org/wp-content/uploads/2019/02/ndss2019_09-3_Rodler_paper.pdf,96,Sereum aka Seth,Subtractive,execution tracing,chain data => report,Any Ethereum,vulnerable contract,,
STM-009,Online Detection of Effectively Callback Free Objects with Applications to Smart Contracts,"Grossman, Shelly and Abraham, Ittai and Golan-Gueta, Guy and Michalevsky, Yan and Rinetzky, Noam and Sagiv, Mooly and Zohar, Yoni",2017,2017,POPL,https://dl.acm.org/doi/pdf/10.1145/3158136,147,ECFChecker,Additive,execution tracing + transaction interception,chain data => report,Any Ethereum,vulnerable contract,,
STM-010,teEther: Gnawing at Ethereum to Automatically Exploit Smart Contracts,"Krupp, Johannes and Rossow, Christian",2018,2018,USENIX Security,https://www.usenix.org/system/files/conference/usenixsecurity18/sec18-krupp.pdf,171,teEther,Subtractive,symbolic execution,bytecode => exploit,Any Ethereum,vulnerable contract,,
STM-011,Enter the Hydra: Towards Principled Bug Bounties and Exploit-Resistant Smart Contracts,"Breidenbach, Lorenz and Daian, Phil and Tram{\`e}r, Florian and Juels, Ari",2018,2018,USENIX Security,https://www.usenix.org/system/files/conference/usenixsecurity18/sec18-breidenbach.pdf,56,Hydra,Additive,code synthesis,source code => bytecode,Any Ethereum,vulnerable contract,,
STM-012,Erays: Reverse Engineering Ethereum’s Opaque Smart Contracts,"Zhou, Yi and Kumar, Deepak and Bakshi, Surya and Mason, Joshua and Miller, Andrew and Bailey, Michael",2018,2018,USENIX Security,https://www.usenix.org/system/files/conference/usenixsecurity18/sec18-zhou.pdf,70,Erays,Exploratory,static analysis,bytecode => metadata,Any Ethereum,both,,
STM-013,TokenScope: Automatically Detecting Inconsistent Behaviors of Cryptocurrency Tokens in Ethereum,"Chen, Ting and Zhang, Yufei and Li, Zihao and Luo, Xiapu and Wang, Ting and Cao, Rong and Xiao, Xiuzhuo and Zhang, Xiaosong",2019,2019,CCS,https://dl.acm.org/doi/pdf/10.1145/3319535.3345664,47,TokenScope,Subtractive,execution tracing,chain data => report,Ethereum ERC20,both,,
STM-014,Osiris: Hunting for Integer Bugs in Ethereum Smart Contracts,"Torres, Christof Ferreira and Sch{\""u}tte, Julian and State, Radu",2018,2018,ACSAC,https://dl.acm.org/doi/pdf/10.1145/3274694.3274737,116,Osiris,Subtractive,symbolic execution,bytecode => report,Any Ethereum,vulnerable contract,,
STM-015,Vandal: A Scalable Security Analysis Framework for Smart Contracts,"Brent, Lexi and Jurisevic, Anton and Kong, Michael and Liu, Eric and Gauthier, Francois and Gramoli, Vincent and Holz, Ralph and Scholz, Bernhard",2018,2018,arXiv,https://arxiv.org/pdf/1809.03981.pdf,154,Vandal,Subtractive,static analysis,bytecode => report,Any Ethereum,both,,
STM-016,Designing Secure Ethereum Smart Contracts: A Finite State Machine Based Approach,"Mavridou, Anastasia and Laszka, Aron",2018,2018,FC,https://arxiv.org/pdf/1711.09327.pdf,154,FSolidM,Additive,code synthesis,source code + specifications => source code,Any Ethereum,vulnerable contract,,
STM-017,ContractFuzzer: Fuzzing Smart Contracts for Vulnerability Detection,"Jiang, Bo and Liu, Ye and Chan, WK",2018,2018,ASE,https://ieeexplore.ieee.org/stamp/stamp.jsp?arnumber=9000089,234,ContractFuzzer,Subtractive,fuzzing,ABI + bytecode => report,Any Ethereum,vulnerable contract,,
STM-018,S-GRAM: Towards Semantic-Aware Security Auditing for Ethereum Smart Contracts,"Liu, Han and Liu, Chao and Zhao, Wenqi and Jiang, Yu and Sun, Jiaguang",2018,2018,ASE,https://ieeexplore.ieee.org/stamp/stamp.jsp?arnumber=9000031,40,S-GRAM/Ether*,Subtractive,static analysis,source code => report,Any Ethereum,both,,
STM-019,MadMax: Surviving Out-of-Gas Conditions in Ethereum Smart Contracts,"Grech, Neville and Kong, Michael and Jurisevic, Anton and Brent, Lexi and Scholz, Bernhard and Smaragdakis, Yannis",2018,2018,OOPSLA,https://dl.acm.org/doi/pdf/10.1145/3276486,213,MadMax,Subtractive,static analysis,bytecode => report,Any Ethereum,vulnerable contract,,
STM-020,SmartCheck: Static Analysis of Ethereum Smart Contracts,"Tikhomirov, Sergei and Voskresenskaya, Ekaterina and Ivanitskiy, Ivan and Takhaviev, Ramil and Marchenko, Evgeny and Alexandrov, Yaroslav",2018,2018,WETSEB,https://dl.acm.org/doi/pdf/10.1145/3194113.3194115,306,SmartCheck,Subtractive,static analysis,source code => report,Any Ethereum,both,,
STM-021,ReGuard: Finding Reentrancy Bugs in Smart Contracts,"Liu, Chao and Liu, Han and Cao, Zhao and Chen, Zhong and Chen, Bangdao and Roscoe, Bill",2018,2018,ICSE,https://ieeexplore.ieee.org/stamp/stamp.jsp?arnumber=8449446,130,ReGuard,Subtractive,fuzzing,source code => report + exploits,Any Ethereum,vulnerable contract,,
STM-022,Under-Optimized Smart Contracts Devour Your Money,"Chen, Ting and Li, Xiaoqi and Luo, Xiapu and Zhang, Xiaosong",2017,2017,SANER,https://ieeexplore.ieee.org/stamp/stamp.jsp?arnumber=7884650,261,GASPER,Subtractive,static analysis,bytecode => report,Any Ethereum,malicious contract,,
STM-023,A Semantic Framework for the Security Analysis of Ethereum Smart Contracts,"Grishchenko, Ilya and Maffei, Matteo and Schneidewind, Clara",2018,2018,POST,https://link.springer.com/content/pdf/10.1007%2F978-3-319-89722-6_10.pdf,227,<none>,Exploratory,formal,bytecode => metadata,Any Ethereum,both,,
STM-024,Lolisa: Formal Syntax and Semantics for a Subset of the Solidity Programming Language in Mathematical Tool Coq,"Yang, Zheng and Lei, Hang",2018,2018,MPE,https://downloads.hindawi.com/journals/mpe/2020/6191537.pdf,31,Lolisa,Additive,formal,source code => report,Any Ethereum,both,,
STM-025,Security Assurance for Smart Contract,"Zhou, Ence and Hua, Song and Pi, Bingfeng and Sun, Jun and Nomura, Yashihide and Yamashita, Kazuhiro and Kurihara, Hidetoshi",2018,2018,NTMS,https://ieeexplore.ieee.org/stamp/stamp.jsp?arnumber=8328743,50,SASC,Exploratory,static analysis,source code => report,Any Ethereum,both,,
STM-026,Detecting Ponzi Schemes on Ethereum: Towards Healthier Blockchain Technology,"Chen, Weili and Zheng, Zibin and Cui, Jiahui and Ngai, Edith and Zheng, Peilin and Zhou, Yuren",2018,2018,WWW,https://dl.acm.org/doi/pdf/10.1145/3178876.3186046,176,<none>,Subtractive,execution tracing + static analysis,chain data + source code => report,Any Ethereum,malicious contract,,
STM-027,Formal Verification of Smart Contracts,"Bhargavan, Karthikeyan and Delignat-Lavaud, Antoine and Fournet, C{\'e}dric and Gollamudi, Anitha and Gonthier, Georges and Kobeissi, Nadim and Kulatova, Natalia and Rastogi, Aseem and Sibut-Pinote, Thomas and Swamy, Nikhil and others",2016,2016,PLAS,https://dl.acm.org/doi/pdf/10.1145/2993600.2993611,526,Solidity* / EVM*,Additive,static analysis + formal,source code => report,Any Ethereum,both,,
STM-028,Towards Verifying Ethereum Smart Contract Bytecode in Isabelle/HOL,"Amani, Sidney and B{\'e}gel, Myriam and Bortin, Maksym and Staples, Mark",2018,2018,CPP,https://dl.acm.org/doi/pdf/10.1145/3167084,196,<none>,Additive,static analysis + formal,bytecode + specifications => report,Any Ethereum,both,,
STM-029,Model-Checking of Smart Contracts,"Nehai, Zeinab and Piriou, Pierre-Yves and Daumas, Frederic",2018,2018,ICBC,https://hal.archives-ouvertes.fr/hal-02103511/file/Nehai-Piriou-Daumas%20V18_03_09.pdf,50,Model-Checking,Additive,formal,specifications + source code => report,Any Ethereum,both,,
STM-030,EtherTrust: Sound Static Analysis of Ethereum bytecode,"Grishchenko, Ilya and Maffei, Matteo and Schneidewind, Clara",2018,2018,<none>,https://www.netidee.at/sites/default/files/2018-07/staticanalysis.pdf,28,EtherTrust,Subtractive,static analysis,bytecode => report,Any Ethereum,both,,
STM-031,Writing Safe Smart Contracts in Flint,"Schrans, Franklin and Eisenbach, Susan and Drossopoulou, Sophia",2018,2018,ICPS (?),https://dl.acm.org/doi/pdf/10.1145/3191697.3213790,52,Flint,Additive,code synthesis,specifications => source code,Any Ethereum,vulnerable contract,,
STM-032,The Art of The Scam: Demystifying Honeypots in Ethereum Smart Contracts,"Torres, Christof Ferreira and Steichen, Mathis and others",2019,2019,USENIX Security,https://www.usenix.org/system/files/sec19-torres.pdf,74,HoneyBadger,Subtractive,static analysis + symbolic execution,bytecode => report,Any Ethereum,malicious contract,,
STM-033,Learning to Fuzz from Symbolic Execution with Application to Smart Contracts,"He, Jingxuan and Balunovi{\'c}, Mislav and Ambroladze, Nodar and Tsankov, Petar and Vechev, Martin",2019,2019,CCS,https://dl.acm.org/doi/pdf/10.1145/3319535.3363230,63,ILF,Subtractive,fuzzing,bytecode | source code => report,Any Ethereum,both,,
STM-034,VeriSolid: Correct-by-Design Smart Contracts for Ethereum,"Mavridou, Anastasia and Laszka, Aron and Stachtiari, Emmanouela and Dubey, Abhishek",2019,2019,FC,https://arxiv.org/pdf/1901.01292.pdf,65,VeriSolid,Additive,formal + code synthesis,source code + specifications => source code,Any Ethereum,vulnerable contract,,
STM-035,solc-verify: A Modular Verifier for Solidity Smart Contracts,"Hajdu, {\'A}kos and Jovanovi{\'c}, Dejan",2019,2019,VSTTE,https://arxiv.org/pdf/1907.04262.pdf,58,solc-verify,Additive,static analysis,source code + specifications => report,Any Ethereum,both,,
STM-036,Slither: A Static Analysis Framework For Smart Contracts,"Feist, Josselin and Grieco, Gustavo and Groce, Alex",2019,2019,WETSEB,https://ieeexplore.ieee.org/stamp/stamp.jsp?arnumber=8823898,131,Slither,Subtractive,static analysis,source code => report,Any Ethereum,both,,
STM-037,sCompile: Critical Path Identification and Analysis for Smart Contracts,"Chang, Jialiang and Gao, Bo and Xiao, Hao and Sun, Jun and Cai, Yan and Yang, Zijiang",2019,2019,ICFEM,https://arxiv.org/pdf/1808.00624.pdf,53,sCompile,Subtractive,symbolic execution,bytecode => report,Any Ethereum,both,,
STM-038,Detecting Nondeterministic Payment Bugs in Ethereum Smart Contracts,"Wang, Shuai and Zhang, Chengyu and Su, Zhendong",2019,2019,OOPSLA,https://dl.acm.org/doi/pdf/10.1145/3360615,26,NPChecker,Subtractive,static analysis,bytecode => report,Any Ethereum,both,,
STM-039,Developing Secure Bitcoin Contracts with BitML,"Atzei, Nicola and Bartoletti, Massimo and Lande, Stefano and Yoshida, Nobuko and Zunino, Roberto",2019,2019,ESEC/FSE,https://dl.acm.org/doi/pdf/10.1145/3338906.3341173,16,BitML,Additive,static analysis,chain data + specifications => report + exploits,Non-Ethereum,vulnerable contract,,
STM-040,Finding Concurrency Exploits on Smart Contracts,"Li, Yue",2019,2019,ICSE-Companion,https://ieeexplore.ieee.org/stamp/stamp.jsp?arnumber=8802776,2,CESC,Subtractive,static analysis,bytecode => report,Any Ethereum,vulnerable contract,,
STM-041,EASYFLOW : Keep Ethereum Away From Overflow,"Gao, Jianbo and Liu, Han and Liu, Chao and Li, Qingshan and Guan, Zhi and Chen, Zhong",2019,2019,ICSE-Companion,https://ieeexplore.ieee.org/stamp/stamp.jsp?arnumber=8802775,21,EasyFlow,Subtractive,static analysis,chain data => report,Any Ethereum,vulnerable contract,,
STM-042,VULTRON: Catching Vulnerable Smart Contracts Once and for All,"Wang, Haijun and Li, Yi and Lin, Shang-Wei and Ma, Lei and Liu, Yang",2019,2019,ICSE-NIER,https://personal.ntu.edu.sg/yi_li/files/Wang2019VUL.pdf,30,VULTRON,Subtractive,code synthesis,source code => report,Any Ethereum,vulnerable contract,,
STM-043,SAFEVM: A Safety Verifier for Ethereum Smart Contracts,"Albert, Elvira and Correas, Jes{\'u}s and Gordillo, Pablo and Rom{\'a}n-D{\'\i}ez, Guillermo and Rubio, Albert",2019,2019,ISSTA,https://dl.acm.org/doi/pdf/10.1145/3293882.3338999,16,SAFEVM,Subtractive + Additive,static analysis,source code | bytecode => report,Any Ethereum,both,,
STM-044,Exploiting The Laws of Order in Smart Contracts,"Kolluri, Aashish and Nikolic, Ivica and Sergey, Ilya and Hobor, Aquinas and Saxena, Prateek",2019,2019,ISSTA,https://dl.acm.org/doi/pdf/10.1145/3293882.3330560,16,EthRacer,Subtractive,fuzzing,bytecode + chain data => report,Any Ethereum,both,,
STM-045,SolidityCheck : Quickly Detecting Smart Contract Problems Through Regular Expressions,"Zhang, Pengcheng and Xiao, Feng and Luo, Xiapu",2019,2019,arXiv,https://arxiv.org/pdf/1911.09425.pdf,8,SolidityCheck,Subtractive,static analysis,source code => report,Any Ethereum,both,,
STM-046,EVMFuzz: Differential Fuzz Testing of Ethereum Virtual Machine,"Fu, Ying and Ren, Meng and Ma, Fuchen and Jiang, Yu and Shi, Heyuan and Sun, Jiaguang",2019,2019,arXiv,https://arxiv.org/pdf/1903.08483.pdf,15,EVMFuzz,Subtractive,fuzzing,source code => report,Any Ethereum,both,,
STM-047,EVulHunter: Detecting Fake Transfer Vulnerabilities for EOSIO’s Smart Contracts at Webassembly-level,"Quan, Lijin and Wu, Lei and Wang, Haoyu",2019,2019,arXiv,https://arxiv.org/pdf/1906.10362.pdf,14,EVulHunter,Subtractive,static analysis,assembly code => report,EOS,vulnerable contract,,
STM-048,GasFuzz: Generating High Gas Consumption Inputs to Avoid Out-of-Gas Vulnerability,"Ma, Fuchen and Fu, Ying and Ren, Meng and Sun, Wanting and Liu, Zhe and Jiang, Yu and Sun, Jun and Sun, Jiaguang",2019,2019,arXiv,https://www.researchgate.net/profile/Yu-Jiang-22/publication/336361556_GasFuzz_Generating_High_Gas_Consumption_Inputs_to_Avoid_Out-of-Gas_Vulnerability/links/5dca0eb2458515143503cad6/GasFuzz-Generating-High-Gas-Consumption-Inputs-to-Avoid-Out-of-Gas-Vulnerability.pdf,10,GasFuzz aka V-Gas,Subtractive,fuzzing,bytecode => report,Any Ethereum,both,,
STM-049,NeuCheck: A more practical Ethereum smart contract security analysis tool,"Lu, Ning and Wang, Bin and Zhang, Yongxin and Shi, Wenbo and Esposito, Christian",2019,2019,Software: Practice and Experience,https://onlinelibrary.wiley.com/doi/pdf/10.1002/spe.2745,13,NeuCheck,Subtractive,static analysis,source code => report,Any Ethereum,both,,
STM-050,SolAnalyser: A Framework for Analysing and Testing Smart Contracts,"Akca, Sefa and Rajan, Ajitha and Peng, Chao",2019,2019,APSEC,https://ieeexplore.ieee.org/stamp/stamp.jsp?arnumber=8945725,10,SolAnalyser + MuContract,Subtractive,static analysis,source code => report,Any Ethereum,both,,
STM-051,SoliAudit: Smart Contract Vulnerability Assessment Based on Machine Learning and Fuzz Testing,"Liao, Jian-Wei and Tsai, Tsung-Ta and He, Chia-Kang and Tien, Chin-Wei",2019,2019,IOTSMS,https://ieeexplore.ieee.org/stamp/stamp.jsp?arnumber=8939256,16,SoliAudit,Subtractive,fuzzing,source code => report,Any Ethereum,both,,
STM-052,MPro: Combining Static and Symbolic Analysis for Scalable Testing of Smart Contract,"Zhang, William and Banescu, Sebastian and Pasos, Leonardo and Stewart, Steven and Ganesh, Vijay",2019,2019,ISSRE,https://ieeexplore.ieee.org/stamp/stamp.jsp?arnumber=8987460,9,MPro,Subtractive,static anslysis + symbolic execution,source code => report,Any Ethereum,both,,
STM-053,Formal Verification of BNB Smart Contract,"Li, Xiaoyu and Su, Cheng and Xiong, Yan and Huang, Wenchao and Wang, Wansen",2019,2019,BIGCOM,https://ieeexplore.ieee.org/stamp/stamp.jsp?arnumber=8905010,5,<none>,Additive,formal,source code => report,BNB ERC20 token,vulnerable contract,,
STM-054,Running on Fumes: Preventing Out-of-Gas Vulnerabilities in Ethereum Smart Contracts using Static Resource Analysis,"Albert, Elvira and Gordillo, Pablo and Rubio, Albert and Sergey, Ilya",2019,2019,VECoS,https://arxiv.org/pdf/1811.10403.pdf,26,Gastap,Additive,static analysis,source code | bytecode | assembly code => report,Any Ethereum,both,,
STM-055,Machine Learning Model for Smart Contracts Security Analysis,"Momeni, Pouyan and Wang, Yu and Samavi, Reza",2019,2019,PST,https://ieeexplore.ieee.org/stamp/stamp.jsp?arnumber=8949045,7,<none>,Subtractive,machine learning,source code => metadata,Any Ethereum,both,,
STM-056,Semantic Understanding of Smart Contracts: Executable Operational Semantics of Solidity,"Jiao, Jiao and Kan, Shuanglong and Lin, Shang-Wei and Sanan, David and Liu, Yang and Sun, Jun",2020,2020,Oakland,https://ieeexplore.ieee.org/stamp/stamp.jsp?arnumber=9152785,20,KSolidity,Exploratory,formal,source code => metadata,Any Ethereum,both,,
STM-057,VerX: Safety Verification of Smart Contracts,"Permenev, Anton and Dimitrov, Dimitar and Tsankov, Petar and Drachsler-Cohen, Dana and Vechev, Martin",2020,2020,Oakland,https://ieeexplore.ieee.org/stamp/stamp.jsp?arnumber=9152791,105,VerX,Additive,symbolic execution + code synthesis,source code => report,Any Ethereum,both,,
STM-058,VERISMART: A Highly Precise Safety Verifier for Ethereum Smart Contracts,"So, Sunbeom and Lee, Myungho and Park, Jisu and Lee, Heejo and Oh, Hakjoo",2020,2020,Oakland,https://ieeexplore.ieee.org/stamp/stamp.jsp?arnumber=9152689,37,VeriSmart,Subtractive,static analysis,source code => report,Any Ethereum,both,,
STM-059,TxSpector: Uncovering Attacks in Ethereum from Transactions,"Zhang, Mengya and Zhang, Xiaokuan and Zhang, Yinqian and Lin, Zhiqiang",2020,2020,USENIX Security,https://www.usenix.org/system/files/sec20-zhang-mengya.pdf,19,TxSpector,Exploratory,static analysis + execution tracing,chain data => report,Any Ethereum,both,,
STM-060,An Ever-evolving Game: Evaluation of Real-world Attacks and Defenses in Ethereum Ecosystem,"Zhou, Shunfan and M{\""o}ser, Malte and Yang, Zhemin and Adida, Ben and Holz, Thorsten and Xiang, Jie and Goldfeder, Steven and Cao, Yinzhi and Plattner, Martin and Qin, Xiaojun and others",2020,2020,USENIX Security,https://www.usenix.org/system/files/sec20-zhou-shunfan.pdf,13,<none>,Exploratory,static analysis,chain data => report,Any Ethereum,both,,
STM-061,ETHBMC: A Bounded Model Checker for Smart Contracts,"Frank, Joel and Aschermann, Cornelius and Holz, Thorsten",2020,2020,USENIX Security,https://www.usenix.org/system/files/sec20fall_frank_prepub_0.pdf,30,ETHBMC,Subtractive,symbolic execution,bytecode => report,Any Ethereum,both,,
STM-062,SODA: A Generic Online Detection Framework for Smart Contracts,"Chen, Ting and Cao, Rong and Li, Ting and Luo, Xiapu and Gu, Guofei and Zhang, Yufei and Liao, Zhou and Zhu, Hang and Chen, Gang and He, Zheyuan and others",2020,2020,NDSS,https://www4.comp.polyu.edu.hk/~csxluo/SODA.pdf,27,SODA,Subtractive,transaction interception,chaindata => report,Any EVM-compatible,vulnerable contract,,
STM-063,eThor: Practical and Provably Sound Static Analysis of Ethereum Smart Contracts,"Schneidewind, Clara and Grishchenko, Ilya and Scherer, Markus and Maffei, Matteo",2020,2020,CCS,https://dl.acm.org/doi/pdf/10.1145/3372297.3417250,25,eThor,Additive,static analysis + formal,bytecode => report,Any Ethereum,both,,
STM-064,ÆGIS: Shielding Vulnerable Smart Contracts Against Attacks,"Ferreira Torres, Christof and Baden, Mathis and Norvill, Robert and Fiz Pontiveros, Beltran Borja and Jonker, Hugo and Mauw, Sjouke",2020,2020,AsiaCCS,https://dl.acm.org/doi/pdf/10.1145/3320269.3384756,34,ÆGIS,Subtractive,transaction interception,chain data => report,Any Ethereum,vulnerable contract,,
STM-065,SAFEPAY on Ethereum: A Framework For Detecting Unfair Payments in Smart Contracts,"Li, Yue and Liu, Han and Yang, Zhiqiang and Ren, Qian and Wang, Lei and Chen, Bangdao",2020,2020,ICDCS,https://ieeexplore.ieee.org/stamp/stamp.jsp?arnumber=9355580,1,SafePay,Subtractive,symbolic execution,source code | bytecode => report,Any Ethereum,both,,
STM-066,Summary-Based Symbolic Evaluation for Smart Contracts,"Feng, Yu and Torlak, Emina and Bodik, Rastislav",2020,2020,ASE,https://ieeexplore.ieee.org/stamp/stamp.jsp?arnumber=9286081,3,Solar,Subtractive,code synthesis + symbolic execution,specifications => source code,Any Ethereum,vulnerable contract,,
STM-067,EVMFuzzer: Detect EVM Vulnerabilities via Fuzz Testing,"Fu, Ying and Ren, Meng and Ma, Fuchen and Shi, Heyuan and Yang, Xin and Jiang, Yu and Li, Huizhong and Shi, Xiang",2019,2019,ESEC/FSE,https://dl.acm.org/doi/pdf/10.1145/3338906.3341175,24,EVMFuzzer,Subtractive,fuzzing,specifications => report,Any EVM-compatible,both,,
STM-068,ModCon: A Model-Based Testing Platform for Smart Contracts,"Liu, Ye and Li, Yi and Lin, Shang-Wei and Yan, Qiang",2020,2020,ESEC/FSE,https://dl.acm.org/doi/pdf/10.1145/3368089.3417939,4,ModCon,Subtractive + Additive,fuzzing,source code => report,Any contract,both,,
STM-069,Harvey: A Greybox Fuzzer for Smart Contracts,"W{\""u}stholz, Valentin and Christakis, Maria",2020,2020,ESEC/FSE,https://dl.acm.org/doi/pdf/10.1145/3368089.3417064,43,Harvey,Subtractive,fuzzing,source code => report,Any Ethereum,both,,
STM-070,Securing Smart Contract with Runtime Validation,"Li, Ao and Choi, Jemin Andrew and Long, Fan",2020,2020,SIGPLAN,https://dl.acm.org/doi/pdf/10.1145/3385412.3385982,24,Solythesis,Additive,code synthesis,source code => source code,Any Ethereum,vulnerable contract,,
STM-071,Ethainter: A Smart Contract Security Analyzer for Composite Vulnerabilities,"Brent, Lexi and Grech, Neville and Lagouvardos, Sifis and Scholz, Bernhard and Smaragdakis, Yannis",2020,2020,SIGPLAN,https://dl.acm.org/doi/pdf/10.1145/3385412.3385990,27,Ethainter,Subtractive,static analysis,source code => report,Any Ethereum,both,,
STM-072,sFuzz: An Efficient Adaptive Fuzzer for Solidity Smart Contracts,"Nguyen, Tai D and Pham, Long H and Sun, Jun and Lin, Yun and Minh, Quang Tran",2020,2020,ICSE,https://dl.acm.org/doi/pdf/10.1145/3377811.3380334,44,sFuzz,Subtractive,fuzzing,bytecode + ABI => report,Any Ethereum,both,,
STM-073,Seraph: Enabling Cross-Platform Security Analysis For EVM and WASM Smart Contracts,"Yang, Zhiqiang and Liu, Han and Li, Yue and Zheng, Huixuan and Wang, Lei and Chen, Bangdao",2020,2020,ICSE-Companion,https://dl.acm.org/doi/pdf/10.1145/3377812.3382157,4,Seraph,Subtractive,symbolic execution,source code => report,Any contract,both,,
STM-074,Clairvoyance: Cross-contract Static Analysis for Detecting Practical Reentrancy Vulnerabilities in Smart Contracts,"Ye, Jiaming and Ma, Mingliang and Lin, Yun and Sui, Yulei and Xue, Yinxing",2020,2020,ICSE-Companion,https://dl.acm.org/doi/pdf/10.1145/3377812.3390908,10,Clairvoyance,Subtractive,static analysis,source code => report,Any Ethereum,vulnerable contract,,
STM-075,Artemis: An Improved Smart Contract Verification Tool for Vulnerability Detection,"Wang, Anqi and Wang, Hao and Jiang, Bo and Chan, Wing Kwong",2020,2020,DSA,https://ieeexplore.ieee.org/stamp/stamp.jsp?arnumber=9331236,10,Artemis,Subtractive,symbolic execution,bytecode => report,Any Ethereum,both,,
STM-076,"Echidna: Effective, Usable, and Fast Fuzzing for Smart Contracts","Grieco, Gustavo and Song, Will and Cygan, Artur and Feist, Josselin and Groce, Alex",2020,2020,ISSTA,https://dl.acm.org/doi/pdf/10.1145/3395363.3404366,26,Echidna,Subtractive,fuzzing,bytecode + specifications => report + metadata,Any Ethereum,both,,
STM-077,EShield: Protect Smart Contracts against Reverse Engineering,"Yan, Wentian and Gao, Jianbo and Wu, Zhenhao and Li, Yue and Guan, Zhi and Li, Qingshan and Chen, Zhong",2020,2020,ISSTA,https://dl.acm.org/doi/pdf/10.1145/3395363.3404365,2,EShield,Additive,code synthesis,bytecode => bytecode,Any Ethereum,vulnerable contract,,
STM-078,SMARTSHIELD: Automatic Smart Contract Protection Made Easy,"Zhang, Yuyao and Ma, Siqi and Li, Juanru and Li, Kailai and Nepal, Surya and Gu, Dawu",2020,2020,SANER,https://ieeexplore.ieee.org/stamp/stamp.jsp?arnumber=9054825,22,SMARTSHIELD,Subtractive,code synthesis,bytecode => bytecode + report,Any Ethereum,vulnerable contract,,
STM-079,ETHPLOIT: From Fuzzing to Efficient Exploit Generation against Smart Contracts,"Zhang, Qingzhao and Wang, Yizhuo and Li, Juanru and Ma, Siqi",2020,2020,SANER,https://ieeexplore.ieee.org/stamp/stamp.jsp?arnumber=9054822,12,ETHPLOIT,Subtractive,fuzzing,source code => exploits,Any Ethereum,both,,
STM-080,Securing Smart Contracts with Information Flow,"Cecchetti, Ethan and Yao, Siqiu and Ni, Haobin and Myers, Andrew C",2020,2020,FAB,https://par.nsf.gov/servlets/purl/10158698,6,<none>,Additive,code synthesis,source code => report,Any contract,vulnerable contract,,
STM-081,EthScope: A Transaction-centric Security Analytics Framework to Detect Malicious Smart Contracts on Ethereum,"Wu, Lei and Wu, Siwei and Zhou, Yajin and Li, Runhuai and Wang, Zhi and Luo, Xiapu and Wang, Cong and Ren, Kui",2020,2020,arXiv,https://static.aminer.cn/storage/pdf/arxiv/20/2005/2005.08278.pdf,6,EthScope,Subtractive,execution tracing,chain data => report,Any Ethereum,malicious contract,,
STM-082,ContractWard: Automated Vulnerability Detection Models for Ethereum Smart Contracts,"Wang, Wei and Song, Jingjing and Xu, Guangquan and Li, Yidong and Wang, Hao and Su, Chunhua",2020,2020,TNSE,https://ieeexplore.ieee.org/stamp/stamp.jsp?arnumber=8967006,29,ContractWard,Subtractive,machine learning,source code => report + metadata,Any Ethereum,both,,
STM-083,RA: Hunting for Re-Entrancy Attacks in Ethereum Smart Contracts via Static Analysis,"Chinen, Yuchiro and Yanai, Naoto and Cruz, Jason Paul and Okamura, Shingo",2020,2020,Blockchain,https://ieeexplore.ieee.org/stamp/stamp.jsp?arnumber=9284679,10,RA,Subtractive,static analysis,bytecode => report,Any Ethereum,vulnerable contract,,
STM-084,A Data Science Approach for Detecting Honeypots in Ethereum,"Camino, Ramiro and Torres, Christof Ferreira and Baden, Mathis and State, Radu",2020,2020,ICBC,https://ieeexplore.ieee.org/stamp/stamp.jsp?arnumber=9169396,3,<none>,Subtractive,static analysis,bytecode => report,Any Ethereum,malicious contract,,
STM-085,Detection of Vulnerabilities in Smart Contracts Specifications in Ethereum Platforms,"Arga{\~n}araz, Mauro and Ber{\'o}n, Mario and Pereira, Maria Jo{\~a}o and Henriques, Pedro",2020,2020,SLATE,https://bibliotecadigital.ipb.pt/bitstream/10198/22794/1/OASIcs-SLATE-2020-2.pdf,2,OpenBalthazar,Subtractive,static analysis,source code => report,Any Ethereum,both,,
STM-086,sGUARD: Towards Fixing Vulnerable Smart Contracts Automatically,"Nguyen, Tai D and Pham, Long H and Sun, Jun and Lin, Yun and Minh, Quang Tran",2021,2021,Oakland,https://arxiv.org/pdf/2101.01917.pdf,2,sGUARD,Additive,static analysis + formal,bytecode => report,Any Ethereum,vulnerable contract,,
STM-087,SmartPulse: Automated Checking of Temporal Properties in Smart Contracts,"Stephens, Jon and Ferles, Kostas and Mariano, Benjamin and Lahiri, Shuvendu and Dillig, Isil",2021,2021,Oakland,https://www.cs.utexas.edu/~isil/SmartPulse.pdf,2,SmartPulse,Additive,static analysis,source code + specifications => report,Any Ethereum,both,,
STM-088,Compositional Security for Reentrant Applications,"Cecchetti, Ethan and Yao, Siqiu and Ni, Haobin and Myers, Andrew C",2021,2021,Oakland,https://www.cs.cornell.edu/~ethan/papers/serif.pdf,4,SeRIF,Subtractive,formal,source code => report,Any contract,vulnerable contract,,
STM-089,EVMPatch: Timely and Automated Patching of Ethereum Smart Contracts,"Rodler, Michael and Li, Wenting and Karame, Ghassan O and Davi, Lucas",2021,2021,USENIX Security,https://www.usenix.org/system/files/sec21summer_rodler.pdf,6,EVMPatch,Subtractive,code synthesis,bytecode + chain data => bytecode,Any Ethereum,vulnerable contract,,
STM-090,Smart Contract Vulnerabilities: Vulnerable Does Not Imply Exploited,"Perez, Daniel and Livshits, Ben",2021,2021,USENIX Security,https://www.usenix.org/system/files/sec21summer_perez.pdf,15,<none>,Exploratory,execution tracing,chain data => report,Any Ethereum,vulnerable contract,,
STM-091,Evil Under the Sun: Understanding and Discovering Attacks on Ethereum Decentralized Applications,"Su, Liya and Shen, Xinyue and Du, Xiangyu and Liao, Xiaojing and Wang, XiaoFeng and Xing, Luyi and Liu, Baoxu",2021,2021,USENIX Security,https://www.usenix.org/system/files/sec21summer_su.pdf,0,DEFIER,Subtractive,execution tracing,chain data => report,Any Ethereum,both,,
STM-092,SMARTEST: Effectively Hunting Vulnerable Transaction Sequences in Smart Contracts through Language Model-Guided Symbolic Execution,"So, Sunbeom and Hong, Seongjoon and Oh, Hakjoo",2021,2021,USENIX Security,https://www.usenix.org/system/files/sec21fall-so.pdf,0,SmarTest,Subtractive,symbolic execution + static analysis,bytecode => report + exploits,Any Ethereum,both,,
STM-093,EOSAFE: Security Analysis of EOSIO Smart Contracts,"He, Ningyu and Zhang, Ruiyi and Wang, Haoyu and Wu, Lei and Luo, Xiapu and Guo, Yao and Yu, Ting and Jiang, Xuxian",2021,2021,USENIX Security,https://www.usenix.org/system/files/sec21fall-he-ningyu.pdf,5,EOSAFE,Subtractive,static analysis,bytecode => report,EOS,both,,
STM-094,Targeting the Weakest Link: Social Engineering Attacks in Ethereum Smart Contracts,"Ivanov, Nikolay and Lou, Jianzhi and Chen, Ting and Li, Jin and Yan, Qiben",2021,2021,AsiaCCS,https://dl.acm.org/doi/pdf/10.1145/3433210.3453085,3,<none>,Subtractive,static analysis,source code => report,Any Ethereum,malicious contract,,
STM-095,CONFUZZIUS: A Data Dependency-Aware Hybrid Fuzzer for Smart Contracts,"Ferreira Torres, Christof and Iannillo, Antonio Ken and Gervais, Arthur and others",2021,2021,Euro S&P,https://ieeexplore.ieee.org/stamp/stamp.jsp?arnumber=9581164,0,ConFuzzius,Subtractive,fuzzing,bytecode + ABI => report,Any Ethereum,both,,
STM-096,Hunting Vulnerable Smart Contracts via Graph Embedding Based Bytecode Matching,"Huang, Jianjun and Han, Songming and You, Wei and Shi, Wenchang and Liang, Bin and Wu, Jingzheng and Wu, Yanjun",2021,2021,TIFS,https://ieeexplore.ieee.org/stamp/stamp.jsp?arnumber=9316905,1,<none>,Subtractive,static analysis,bytecode => report,Any Ethereum,vulnerable contract,,
STM-097,A security type verifier for smart contracts,"Hu, Xinwen and Zhuang, Yi and Lin, Shang-Wei and Zhang, Fuyuan and Kan, Shuanglong and Cao, Zining",2021,2021,Computers & Security,https://www.sciencedirect.com/science/article/pii/S016740482100167X,1,"STC, STV",Additive,static analysis,source code => report,Any Ethereum,vulnerable contract,,
STM-098,The Eye of Horus: Spotting and Analyzing Attacks on Ethereum Smart Contracts,"Ferreira Torres, Christof and Iannillo, Antonio Ken and Gervais, Arthur and others",2021,2021,FC,https://orbilu.uni.lu/bitstream/10993/46244/1/FC_21_Horus_Torres.pdf,1,Horus,Subtractive,execution tracing,chain data => report,Any Ethereum,both,,
STM-099,BLOCKEYE: Hunting For DeFi Attacks on Blockchain,"Wang, Bin and Liu, Han and Liu, Chao and Yang, Zhiqiang and Ren, Qian and Zheng, Huixuan and Lei, Hong",2021,2021,ICSE-Companion,https://arxiv.org/pdf/2103.02873.pdf,5,BlockEye,Subtractive,execution tracing,chain data => report,Any Ethereum,both,,
STM-100,SAILFISH: Vetting Smart Contract State-Inconsistency Bugs in Seconds,"Bose, Priyanka and Das, Dipanjan and Chen, Yanju and Feng, Yu and Kruegel, Christopher and Vigna, Giovanni",2021,2022,Oakland,https://arxiv.org/pdf/2104.08638.pdf,0,Sailfish,Subtractive,symbolic execution + static analysis,bytecode => report,Any Ethereum,both,,
STM-101,DeFiRanger: Detecting Price Manipulation Attacks on DeFi Applications,"Wu, Siwei and Wang, Dabao and He, Jianting and Zhou, Yajin and Wu, Lei and Yuan, Xingliang and He, Qinming and Ren, Kui",2021,2021,arXiv,https://arxiv.org/pdf/2104.15068.pdf,3,DeFiRanger,Subtractive,static analysis,chain data => report,Any Ethereum,vulnerable contract,,
STM-102,ESCORT: Ethereum Smart COntRacTs Vulnerability Detection using Deep Neural Network and Transfer Learning,"Lutz, Oliver and Chen, Huili and Fereidooni, Hossein and Sendner, Christoph and Dmitrienko, Alexandra and Sadeghi, Ahmad Reza and Koushanfar, Farinaz",2021,2021,arXiv,https://arxiv.org/pdf/2103.12607.pdf,3,ESCORT,Subtractive,machine learning,bytecode + specifications => report,Any Ethereum,both,,
STM-103,DEFECTCHECKER: Automated Smart Contract Defect Detection by Analyzing EVM Bytecode,"Chen, Jiachi and Xia, Xin and Lo, David and Grundy, John and Luo, Xiapu and Chen, Ting",2021,2021,TSE,https://ieeexplore.ieee.org/stamp/stamp.jsp?arnumber=9337195,8,DEFECTCHECKER,Subtractive,symbolic execution,bytecode => report,Any Ethereum,both,,
STM-104,Transaction-based classification and detection approach for Ethereum smart contract,"Hu, Teng and Liu, Xiaolei and Chen, Ting and Zhang, Xiaosong and Huang, Xiaoming and Niu, Weina and Lu, Jiazhong and Zhou, Kun and Liu, Yuan",2021,2021,Information Processing & Management,https://www.sciencedirect.com/science/article/pii/S0306457320309547,34,<none>,Subtractive,static analysis + machine learning,bytecode => report,Any Ethereum,both,,
STM-105,HFContractFuzzer: Fuzzing Hyperledger Fabric Smart Contracts for Vulnerability Detection,"Ding, Mengjie and Li, Peiru and Li, Shanshan and Zhang, He",2021,2021,EASE,https://dl.acm.org/doi/pdf/10.1145/3463274.3463351,1,HFContractFuzzer,Subtractive,fuzzing,source code => report,Hyperledger Fabric,vulnerable contract,,
STM-106,Solidifier: bounded model checking Solidity using lazy contract deployment and precise memory modelling,"Antonino, Pedro and Roscoe, AW",2021,2021,SAC,https://dl.acm.org/doi/pdf/10.1145/3412841.3442051,0,Solidifier,Additive,formal,source code => report,Any Ethereum,vulnerable contract,,
STM-107,Rectifying Administrated ERC20 Tokens,"Ivanov, Nikolay and Guo, Hanqing and Yan, Qiben",2021,2021,ICICS,https://arxiv.org/pdf/2107.10979.pdf,0,SafelyAdministrated,Subtractive,code synthesis,source code => source code,Any Ethereum,malicious contract,,
STM-108,"EXGEN: Cross-platform, Automated Exploit Generation for Smart Contract Vulnerabilities","Jin, Ling and Cao, Yinzhi and Chen, Yan and Zhang, Di and Campanoni, Simone",2021,2022,TDSC,https://ieeexplore.ieee.org/stamp/stamp.jsp?arnumber=9674230,0,EXGEN,Subtractive,symbolic execution,source code => report,Any contract,vulnerable contract,,
STM-109,"EtherProv: provenance-aware detection, analysis, and mitigation of Ethereum smart contract security issues","Linoy, Shlomi and Ray, Suprio and Stakhanova, Natalia",2021,2021,ICBC,https://www.researchgate.net/profile/Shlomi-Linoy/publication/357057723_EtherProv_provenance-aware_detection_analysis_and_mitigation_of_Ethereum_smart_contract_security_issues/links/61ba144efd2cbd7200a17d76/EtherProv-provenance-aware-detection-analysis-and-mitigation-of-Ethereum-smart-contract-security-issues.pdf,0,EtherProv,Subtractive,static analysis,source code => bytecode + metadata,Any Ethereum,both,,
STM-110,Formal verification of smart contracts based on users and blockchain behaviors models,"Abdellatif, Tesnim and Brousmiche, Kei-L{\'e}o",2018,2018,NTMS,https://ieeexplore.ieee.org/stamp/stamp.jsp?arnumber=8328737,95,<none>,Additive,formal,chain data => report,Any contract,both,,
STM-111,Formal modeling and verification of smart contracts,"Bai, Xiaomin and Cheng, Zijing and Duan, Zhangbo and Hu, Kai",2018,2018,ICSCA,https://dl.acm.org/doi/pdf/10.1145/3185089.3185138,48,<none>,Additive,formal,specifications => report,Any contract,both,,
STM-112,Validation of Decentralised Smart Contracts through Game Theory and Formal Methods,"Bigi, Giancarlo and Bracciali, Andrea and Meacci, Giovanni and Tuosto, Emilio",2015,2015,LNCS,https://dspace.stir.ac.uk/bitstream/1893/23914/1/bHalo_Degano2015.pdf,98,<none>,Additive,formal,specifications => report,Any contract,both,,
STM-113,Findel: Secure Derivative Contracts for Ethereum,"Biryukov, Alex and Khovratovich, Dmitry and Tikhomirov, Sergei",2017,2017,FC,https://orbilu.uni.lu/bitstream/10993/30975/3/findel.pdf,57,Findel,Additive,code synthesis,specifications => source code,Any contract,vulnerable contract,,
STM-114,Runtime Verification of Ethereum Smart Contracts,"Ellul, Joshua and Pace, Gordon J",2018,2018,EDCC,https://ieeexplore.ieee.org/stamp/stamp.jsp?arnumber=8530777,42,ContractLarva,Additive,code synthesis,source code + specifications => source code,Any Ethereum,both,,
STM-115,Proving Conditional Termination for Smart Contracts,"Le, Ton Chanh and Xu, Lei and Chen, Lin and Shi, Weidong",2018,2018,BCC,https://dl.acm.org/doi/pdf/10.1145/3205230.3205239,10,<none>,Additive,formal,source code => report,Any contract,both,,
STM-116,Accurate Smart Contract Verification through Direct Modelling,"Marescotti, Matteo and Otoni, Rodrigo and Alt, Leonardo and Eugster, Patrick and Hyv{\""a}rinen, Antti EJ and Sharygina, Natasha",2020,2020,ISoLA,http://verify.inf.usi.ch/sites/default/files/Accurate%20Smart%20Contract%20Verification%20through%20Direct%20Modelling-%20Extended%20Version.pdf,8,Solicitous,Additive,static analysis,source code => bytecode,Any Ethereum,both,,
STM-117,Formal Verification of Workflow Policies for Smart Contracts in Azure Blockchain,"Wang, Yuepeng and Lahiri, Shuvendu K and Chen, Shuo and Pan, Rong and Dillig, Isil and Born, Cody and Naseer, Immad and Ferles, Kostas",2019,2019,VSTTE,https://www.cs.sfu.ca/~yuepeng/pubs/vstte19.pdf,24,VeriSol,Additive,formal,source code => report,EVM-compatible,vulnerable contract,,
STM-118,Precise Attack Synthesis for Smart Contracts,"Feng, Yu and Torlak, Emina and Bodik, Rastislav",2019,2019,arXiv,https://arxiv.org/pdf/1902.06067.pdf,27,SmartScopy,Subtractive,fuzzing,bytecode + ABI => report,Any Ethereum,vulnerable contract,,
STM-119,WANA: Symbolic Execution of Wasm Bytecode for Cross-Platform Smart Contract Vulnerability Detection,"Wang, Dong and Jiang, Bo and Chan, WK",2020,2020,arXiv,https://arxiv.org/pdf/2007.15510.pdf,2,WANA,Subtractive,symbolic execution,bytecode => report,any,both,,
STM-120,Visual Emulation for Ethereum’s Virtual Machine,"Norvill, Robert and Pontiveros, Beltran Borja Fiz and State, Radu and Cullen, Andrea",2018,2018,NOMS,https://ieeexplore.ieee.org/stamp/stamp.jsp?arnumber=8406332,14,E-EVM,Exploratory,execution tracing,chain data => report,Any Ethereum,both,,
STM-121,Smart Contract Vulnerability Detection: From Pure Neural Network to Interpretable Graph Feature and Expert Pattern Fusion,"Liu, Zhenguang and Qian, Peng and Wang, Xiang and Zhu, Lei and He, Qinming and Ji, Shouling",2021,2021,IJCAI,https://www.ijcai.org/proceedings/2021/0379.pdf,3,AMEVulDetector,Subtractive,machine learning,source code => report,Any contract,both,,
STM-122,Verification of Smart Contract Business Logic,"Ahrendt, Wolfgang and Bubel, Richard and Ellul, Joshua and Pace, Gordon J and Pardo, Ra{\'u}l and Rebiscoul, Vincent and Schneider, Gerardo",2019,2019,FSEN,https://www.researchgate.net/profile/Joshua-Ellul/publication/335967686_Verification_of_Smart_Contract_Business_Logic_Exploiting_a_Java_Source_Code_Verifier/links/5f9af102458515b7cfa8219a/Verification-of-Smart-Contract-Business-Logic-Exploiting-a-Java-Source-Code-Verifier.pdf,15,Javadity,Additive,code synthesis,source code => source code,EVM-compatible,both,,
STM-123,Formal Verification of Functional Requirements for Smart Contractv Compositions in Supply Chain Management Systems,"Alqahtani, Sarra and He, Xinchi and Gamble, Rose and Mauricio, Papa",2020,2020,HICSS,https://scholarspace.manoa.hawaii.edu/bitstream/10125/64392/0522.pdf,4,<none>,Additive,static analysis,source code => bytecode,Any contract,both,,
STM-124,Verifying liquidity of Bitcoin contracts,"Bartoletti, Massimo and Zunino, Roberto",2019,2019,ETAPS,https://iris.unica.it/retrieve/handle/11584/272070/353313/main.pdf,19,<none>,Additive,formal,source code => report,Bitcoin / BitML,both,,
STM-125,Formal Specification and Verification of Hyperledger Fabric Chaincode,"Beckert, Bernhard and Herda, Mihai and Kirsten, Michael and Schiffl, Jonas",2018,2018,ICFEME,https://formal.kastel.kit.edu/kirsten/pub/beckertHerdaKirstenEA2018.pdf,20,<none>,Additive,formal,source code => report,Hyperledger Fabric,vulnerable contract,,
STM-126,SmartInspect: Solidity Smart Contract Inspector,"Bragagnolo, Santiago and Rocha, Henrique and Denker, Marcus and Ducasse, St{\'e}phane",2018,2018,IWBOSE,https://ieeexplore.ieee.org/stamp/stamp.jsp?arnumber=8327566,60,SmartInspect,Exploratory,static analysis,source code + chain data => report,Any Ethereum,both,,
STM-127,Formal Analysis of Smart Contract Based on Colored Petri Nets,"Duo, Wang and Xin, Huang and Xiaofeng, Ma",2020,2020,IEEE Intelligent Systems,https://ieeexplore.ieee.org/stamp/stamp.jsp?arnumber=9019834,4,Colored Petri Net (CPN),Exploratory,static analysis,source code + bytecode => report,Any Ethereum,both,,
STM-128,Formal Specification and Verification of Solidity Contracts with Events,"Hajdu, {\'A}kos and Jovanovi{\'c}, Dejan and Ciocarlie, Gabriela",2020,2020,FMBC,https://drops.dagstuhl.de/opus/volltexte/2020/13415/pdf/OASIcs-FMBC-2020-2.pdf,1,<none>,Additive,formal + static analysis,source code => report,Any Ethereum,both,,
STM-129,Securing Smart Contracts in Blockchain,"Kongmanee, Jaturong and Kijsanayothin, Phongphun and Hewett, Rattikorn",2019,2019,ASEW,https://ieeexplore.ieee.org/stamp/stamp.jsp?arnumber=8967424,8,<none>,Additive,formal,specifications => metadata,Any Ethereum,both,,
STM-130,EVM*: From Offline Detection to Online Reinforcement for Ethereum Virtual Machine,"Ma, Fuchen and Fu, Ying and Ren, Meng and Wang, Mingzhe and Jiang, Yu and Zhang, Kaixiang and Li, Huizhong and Shi, Xiang",2019,2019,SANER,https://ieeexplore.ieee.org/stamp/stamp.jsp?arnumber=8668038,24,EMV*,Additive,transaction interception,bytecode + chain data => report,Any Ethereum,both,,
STM-131,OpenZeppelin Contracts,OpenZeppelin,2017,,GitHub,https://openzeppelin.com/contracts/,15300,OpenZeppelin Contracts,Additive,code synthesis,source code => source code,Any Ethereum,vulnerable contract,,
STM-132,MythX,ConsenSys,,,Proprietary,,,MythX,Additive,mix,bytecode=>report,Any Ethereum,both,,
STM-133,Contract Library,Dedaub,,,Proprietary,,,Contract Library,Additive,code synthesis,bytecode=>report,Any Ethereum,both,,